user_id,name,email
1,Erica Brown,aaron20@example.com
2,Michael Phillips,wmartinez@example.com
3,Michael Macdonald,brett52@example.net
4,David Armstrong,hannah47@example.com
5,Michael Velasquez,beverly25@example.com
6,Noah Schmidt,jaclyn26@example.org
7,Kimberly Patterson,jeremymitchell@example.org
8,Nicole Phillips,allison30@example.net
9,Patrick Evans DDS,spearsdiane@example.org
10,Toni Richardson,terryalexander@example.com
11,Jordan Colon,lisa65@example.org
12,Carol Cook,bsalazar@example.org
13,Anthony Vega,ian03@example.org
14,Andrew Lopez,mirandamartin@example.com
15,Jessica Wilcox,jennadean@example.net
16,Traci Perez,jerry35@example.org
17,Sheri Little,marystephens@example.com
18,David Escobar,garciacandice@example.org
19,Edward Vasquez,pjohnson@example.org
20,Kathleen Carroll,kfisher@example.com
21,Emily Ford,mccormickdavid@example.net
22,Kevin Reeves,lisa40@example.org
23,Robert Wright,yjones@example.net
24,Cassandra Schneider,brian06@example.net
25,Tony Myers,crobertson@example.com
26,Sandra Burns,kevin83@example.net
27,Christina Moore,timothy44@example.com
28,Kayla Thomas,jeffrey11@example.net
29,Raymond Ashley,albert72@example.com
30,Tommy Glenn,nboyd@example.net
31,Victoria Salinas MD,gmartinez@example.org
32,Dr. Nicolas Johnson,michelle53@example.com
33,Dawn Bowen,michelle45@example.com
34,Stacey Ramsey,eric07@example.net
35,Nicholas Brown,fmartinez@example.org
36,Tyler Gonzalez,jeffreyhunter@example.net
37,Michael Ramirez,jkramer@example.com
38,Diane Mcdonald,johnhuffman@example.org
39,Matthew Hines,penastacy@example.org
40,Robin Maxwell,brewererik@example.com
41,Amy Palmer,ovasquez@example.org
42,Gina Dixon,andrewmitchell@example.com
43,Matthew Bell,qfreeman@example.com
44,Andrew Shea,douglaskimberly@example.com
45,Christine Burton,lorraine78@example.net
46,Isaac Green,calhounshaun@example.net
47,Tiffany Hinton,markhardy@example.org
48,Natasha Moore,eellis@example.org
49,Donald Wallace,markowens@example.net
50,Tina Hicks,lambertrobert@example.com
